Date,ACC,ADANIENT,ADANIPORTS,ADANIPOWER,AMARAJABAT,AMBUJACEM,APOLLOHOSP,APOLLOTYRE,ARVIND,ASHOKLEY,ASIANPAINT,AUROPHARMA,AXISBANK,BAJAJ-AUTO,BAJAJFINSV,BAJFINANCE,BALKRISIND,BANKBARODA,BANKINDIA,BATAINDIA,BEL,BERGEPAINT,BHARATFORG,BHARTIARTL,BHEL,BIOCON,BOSCHLTD,BPCL,BRITANNIA,BSOFT,CADILAHC,CANBK,CASTROLIND,CENTURYTEX,CESC,CHOLAFIN,CIPLA,COALINDIA,COLPAL,CONCOR,CUMMINSIND,DABUR,DHFL,DISHTV,DIVISLAB,DLF,DRREDDY,EICHERMOT,ENGINERSIN,EQUITAS,ESCORTS,EXIDEIND,FEDERALBNK,GAIL,GLENMARK,GMRINFRA,GODREJCP,GRASIM,HAVELLS,HCLTECH,HDFC,HDFCBANK,HEROMOTOCO,HEXAWARE,HINDALCO,HINDPETRO,HINDUNILVR,HINDZINC,IBULHSGFIN,ICICIBANK,ICICIPRULI,IDBI,IDEA,IDFCFIRSTB,IGL,INDIGO,INDUSINDBK,INFRATEL,INFY,IOC,ITC,JINDALSTEL,JSWSTEEL,JUBLFOOD,JUSTDIAL,KAJARIACER,KOTAKBANK,L&TFH,LICHSGFIN,LT,LUPIN,M&M,M&MFIN,MANAPPURAM,MARICO,MARUTI,MCDOWELL-N,MCX,MFSL,MGL,MINDTREE,MOTHERSUMI,MRF,MUTHOOTFIN,NATIONALUM,NBCC,NCC,NESTLEIND,NIITTECH,NMDC,NTPC,OFSS,OIL,ONGC,PAGEIND,PEL,PETRONET,PFC,PIDILITIND,PNB,POWERGRID,PVR,RAMCOCEM,RAYMOND,RBLBANK,RECLTD,RELCAPITAL,RELIANCE,RELINFRA,SAIL,SBIN,SHREECEM,SIEMENS,SRF,SRTRANSFIN,STAR,SUNPHARMA,SUNTV,TATACHEM,TATAELXSI,TATAGLOBAL,TATAMOTORS,TATAMTRDVR,TATAPOWER,TATASTEEL,TCS,TECHM,TITAN,TORNTPHARM,TORNTPOWER,TVSMOTOR,UBL,UJJIVAN,ULTRACEMCO,UNIONBANK,UPL,VEDL,VOLTAS,WIPRO,YESBANK,ZEEL
2021-07-16,2129.35,1395.5,687.6,105.65,727.85,383.05,3779.1,230.85,108.15,127.85,2989.3,975.55,771.15,3931.95,12745.7,6125.45,2385.25,81.7,75.2,1618.7,179.65,843.85,807.35,541.15,66.25,409.3,15287.95,448.0,3441.0,420.05,643.85,151.3,143.35,719.5,83.81,512.4,977.15,145.55,1745.6,661.4,857.5,580.3,16.7,14.35,4757.6,330.8,5406.55,2617.25,77.5,130.35,1193.7,184.05,87.9,144.8,687.05,31.1,951.1,1572.3,1077.65,1005.0,2536.9,1522.35,2904.7,,405.5,268.1,2417.4,344.1,275.55,660.3,627.05,37.8,9.45,54.05,552.6,1809.05,1044.3,,1555.45,106.1,207.9,405.95,703.6,3145.2,1072.7,1003.55,1749.5,94.9,468.5,1618.75,1179.75,779.8,162.0,186.95,524.7,7303.55,667.4,1717.5,1064.5,1152.75,2736.2,244.15,82449.85,1569.2,88.3,52.9,94.3,17654.2,,178.7,119.1,4019.4,156.65,116.8,33140.9,2351.25,221.65,127.55,2244.2,40.85,175.39,1368.8,1126.0,453.3,214.85,151.65,19.9,2112.4,80.0,127.2,430.0,28096.15,2013.3,7761.85,1449.35,789.75,688.6,533.8,781.0,4302.65,,311.25,144.65,124.15,1278.45,3194.8,1103.15,1695.35,2990.75,480.5,611.65,1447.9,242.1,7334.55,36.6,837.55,272.5,1051.05,577.75,13.4,208.95
2021-07-19,2151.9,1380.6,673.7,102.15,722.3,386.55,3883.75,225.35,105.05,124.75,2981.95,965.1,755.2,3882.85,12721.1,6015.4,2344.7,80.15,73.9,1607.0,186.0,835.3,812.05,538.45,64.0,411.4,15218.5,453.9,3450.15,406.6,639.5,148.15,143.45,719.55,84.15,506.5,974.0,144.45,1753.3,658.0,861.6,588.8,,14.45,4807.45,331.25,5419.35,2579.75,77.15,128.1,1192.7,181.7,86.0,144.35,682.55,30.25,944.0,1558.8,1089.65,1000.2,2481.65,1471.0,2887.1,,396.95,272.05,2408.65,339.95,270.85,655.9,626.25,37.85,9.15,52.6,549.7,1765.9,1015.85,,1541.7,105.95,207.75,393.45,698.4,3082.65,1018.15,1001.1,1722.8,90.55,460.75,1609.6,1186.65,775.8,156.85,186.2,526.0,7165.55,659.95,1777.7,1065.0,1148.75,2729.65,244.65,82236.3,1541.85,88.95,52.4,92.1,17752.45,,174.85,121.4,4072.15,155.85,114.6,32894.85,2298.6,222.05,127.1,2260.25,40.3,174.86,1347.9,1110.65,469.1,209.3,151.4,20.1,2098.95,78.9,126.65,427.9,27996.85,1973.35,7844.3,1389.85,785.0,689.25,538.85,779.65,4223.35,,308.85,141.75,125.8,1266.4,3184.6,1094.2,1680.35,2969.2,481.1,601.4,1419.3,236.45,7312.35,37.0,833.25,264.9,1039.05,573.8,13.2,206.5
2021-07-20,2308.85,1365.7,672.6,97.05,713.35,404.45,3882.95,221.7,102.2,123.35,3159.05,965.5,745.75,3905.4,12597.15,5941.85,2318.95,78.9,71.5,1554.4,181.2,864.95,798.5,525.75,63.2,404.25,15046.25,453.8,3433.55,402.1,622.5,144.45,141.45,694.55,81.77,490.2,955.15,142.9,1754.45,664.4,853.85,588.2,,13.95,4787.85,322.4,5344.05,2554.85,75.75,121.55,1169.85,178.35,83.75,142.35,667.6,29.2,948.85,1574.1,1103.55,977.2,2458.75,1443.15,2839.0,,383.0,276.15,2434.9,333.0,265.95,641.9,604.8,37.4,9.0,51.2,538.2,1673.95,981.55,,1550.05,105.6,206.8,380.15,682.0,3064.5,988.85,997.65,1702.65,87.65,453.65,1590.35,1174.0,760.2,153.65,182.85,529.9,7232.7,653.65,1712.7,1047.75,1131.8,2762.95,237.9,81640.05,1528.35,85.2,51.15,87.55,17856.1,,171.55,118.45,3957.55,155.45,112.6,32462.75,2198.55,218.9,127.55,2315.65,39.75,173.48,1300.05,1104.05,453.1,204.15,151.4,19.1,2093.8,78.25,122.85,420.9,28082.9,1944.35,7796.95,1395.9,765.95,676.45,529.9,759.65,4190.35,,302.15,138.4,121.8,1233.35,3205.8,1087.2,1671.4,2961.5,475.7,583.05,1411.6,234.55,7424.7,35.9,814.25,256.1,1026.75,568.1,12.95,201.4
2021-07-22,2290.25,1416.75,691.8,101.8,721.8,400.2,3985.3,226.45,108.6,124.05,3106.75,972.1,746.75,3853.2,13064.6,6195.55,2331.45,80.2,72.2,1583.1,184.5,855.7,801.2,546.7,64.55,403.0,15137.3,460.9,3425.3,405.45,620.2,144.9,142.75,701.35,82.47,494.75,949.9,144.7,1788.65,668.3,864.95,588.45,,14.05,4843.25,330.5,5384.5,2560.1,75.95,127.65,1166.95,179.2,84.25,143.8,672.3,29.4,969.65,1582.05,1151.3,978.6,2490.3,1448.7,2838.25,,393.5,276.4,2378.15,327.05,275.2,655.95,635.4,37.75,9.25,52.15,539.5,1694.15,992.15,,1590.2,106.7,207.0,394.4,716.55,3429.95,981.15,976.75,1707.2,87.9,457.4,1642.15,1179.45,758.45,154.4,196.45,529.2,7299.55,674.65,1677.6,1056.0,1147.25,2758.8,237.15,81572.0,1604.65,85.0,51.2,89.6,17994.8,,175.6,119.2,4051.7,161.4,115.5,33128.95,2234.65,220.0,128.85,2310.4,40.0,174.94,1344.4,1106.95,459.75,205.0,152.65,18.8,2120.7,77.35,126.15,422.05,28080.0,1976.25,7907.2,1395.3,776.55,687.3,534.5,762.7,4246.6,,302.55,135.7,123.7,1273.0,3216.35,1148.6,1701.75,3013.55,473.0,581.3,1429.8,235.85,7459.0,36.15,828.0,262.8,1049.2,584.2,13.0,204.85
2021-07-23,2337.55,1401.65,680.05,100.45,723.25,402.3,3918.9,226.8,104.85,124.3,3083.75,963.7,755.4,3841.9,13201.2,6180.9,2333.05,79.85,72.75,1598.55,182.65,854.25,788.9,548.3,63.95,398.15,15055.35,461.35,3439.8,398.0,615.25,146.05,143.75,703.8,81.83,499.05,948.0,144.1,1795.05,663.5,858.3,590.15,,13.85,4824.75,334.15,5422.15,2549.65,74.85,124.3,1160.65,178.7,85.4,142.4,649.9,29.0,980.15,1549.5,1143.75,994.0,2482.5,1442.75,2835.0,,391.75,277.4,2358.1,328.55,283.65,676.65,645.05,37.45,8.35,51.15,538.15,1727.1,989.3,,1590.45,106.0,212.4,397.7,717.55,3569.35,969.55,991.15,1722.95,88.25,454.5,1611.75,1181.2,764.2,154.15,195.45,533.95,7293.85,683.45,1643.6,1081.5,1144.25,2721.25,235.95,81174.85,1567.05,82.45,50.3,88.65,18143.95,,173.5,118.5,4012.1,161.1,115.3,33376.95,2255.05,219.65,128.45,2306.6,40.05,174.75,1318.1,1094.7,448.6,204.5,152.9,17.9,2105.7,73.5,126.55,428.9,27986.4,1975.1,7901.9,1385.6,768.5,694.0,532.25,755.05,4249.3,,295.55,133.65,122.9,1281.4,3212.85,1131.0,1700.95,3043.2,473.45,582.35,1444.45,237.1,7490.3,36.55,819.7,267.8,1045.4,599.15,13.05,205.95
2021-07-26,2369.2,1403.9,682.8,97.95,724.2,408.1,4100.35,222.25,102.1,121.85,3061.2,952.8,756.3,3836.35,13525.05,6162.45,2335.7,79.75,71.85,1577.2,184.6,849.75,783.7,544.05,62.7,389.5,14981.3,456.0,3482.0,400.65,605.55,146.65,143.45,703.45,83.78,491.7,950.55,144.0,1805.95,658.25,851.9,595.35,,14.3,4921.15,333.95,5411.25,2563.2,75.8,124.4,1154.3,178.2,87.25,141.35,626.4,28.25,976.55,1550.25,1162.3,1000.3,2464.3,1434.55,2810.25,,400.05,273.55,2348.7,326.5,285.15,676.75,646.8,38.2,8.3,51.2,546.95,1740.3,981.3,,1603.9,104.65,211.15,403.8,704.55,3559.5,964.7,1004.65,1740.6,87.7,442.65,1597.6,1171.75,754.3,146.3,194.35,537.0,7235.8,657.65,1695.25,1116.5,1139.1,2721.3,230.6,80917.75,1556.8,83.55,49.85,88.5,18101.35,,174.8,119.35,4137.65,161.2,114.55,32938.0,2252.6,218.85,127.8,2321.3,39.35,174.53,1329.95,1123.15,448.15,198.45,150.75,18.75,2076.85,77.15,129.6,423.3,27968.3,1975.65,7834.35,1370.4,769.8,703.4,547.4,758.3,4199.1,,293.15,133.65,122.6,1297.95,3197.55,1120.2,1722.85,3079.2,467.4,584.85,1436.15,235.05,7616.7,36.05,819.95,272.1,1026.95,590.45,13.3,205.75
2021-07-27,2371.7,1396.75,663.2,94.75,718.3,408.8,4078.25,221.75,102.3,122.4,3028.65,905.4,731.7,3821.4,13807.85,6231.45,2315.85,80.0,70.85,1582.7,183.05,843.6,780.35,540.55,61.5,379.55,15038.8,453.3,3450.75,404.75,598.75,148.8,141.5,682.3,83.32,483.55,913.1,142.45,1797.05,639.15,845.65,588.7,,14.2,4791.4,337.0,4843.35,2571.35,75.15,132.25,1142.75,177.4,86.3,139.05,588.75,27.95,998.75,1518.7,1159.4,992.0,2433.95,1439.75,2793.85,,417.35,269.2,2342.4,320.45,277.4,677.45,653.8,38.0,8.4,50.75,546.4,1704.85,975.8,,1602.55,103.95,208.65,419.8,710.65,3669.55,955.4,993.95,1697.95,88.1,443.85,1608.25,1111.6,745.55,148.1,209.5,535.2,7240.25,644.5,1674.15,1123.95,1136.5,2713.9,230.5,80095.35,1560.45,87.15,49.2,86.2,18226.1,,174.55,118.85,4170.5,161.05,114.65,32495.4,2305.6,216.9,123.85,2300.65,39.15,173.89,1359.2,1060.35,446.65,196.15,145.15,18.15,2055.0,75.05,129.75,429.95,27865.15,1942.7,7660.2,1365.7,752.55,688.3,538.45,743.6,4175.75,,291.4,135.4,121.15,1330.65,3182.95,1120.85,1729.05,3002.85,458.3,581.05,1421.35,240.55,7596.25,35.95,812.75,265.45,1020.05,591.45,13.05,200.55
2021-07-28,2393.9,1399.9,665.4,97.05,713.4,409.4,4028.4,220.9,106.3,121.5,3004.1,915.1,722.9,3818.5,13970.55,6262.0,2359.9,78.05,69.9,1598.5,189.95,850.35,778.0,567.9,60.3,381.7,15012.0,453.45,3424.1,405.8,577.35,143.25,140.4,796.05,82.78,481.1,889.9,144.05,1792.35,639.4,836.6,590.1,,14.15,4890.6,332.05,4731.75,2550.4,73.8,129.95,1137.45,176.5,85.55,137.85,587.65,27.55,1000.95,1533.55,1157.6,983.1,2425.8,1417.3,2777.7,,416.3,264.95,2361.4,316.25,273.9,685.05,652.6,37.7,8.35,50.7,546.5,1667.45,992.75,,1605.6,104.0,209.1,419.7,721.7,3660.3,956.7,972.8,1652.85,86.35,433.05,1594.2,1102.95,728.7,142.5,208.35,530.15,7165.05,635.95,1635.1,1114.8,1119.25,2708.8,228.9,79922.75,1546.15,85.5,48.5,85.0,18022.55,,174.2,116.8,4373.3,162.7,114.35,31843.5,2310.75,217.0,125.55,2295.95,38.4,171.08,1335.9,1040.65,466.1,192.95,145.25,17.7,2037.35,73.15,133.85,425.5,27491.45,1942.15,7728.0,1372.95,739.55,687.8,537.65,738.75,4177.0,,284.45,134.0,120.35,1365.0,3197.8,1119.55,1723.55,3084.7,454.6,575.65,1443.55,241.25,7654.65,35.5,814.65,270.1,1016.45,591.95,12.95,200.55
2021-07-29,2364.0,1400.25,659.65,95.4,694.85,408.75,4038.75,216.3,106.9,125.2,2997.45,908.25,717.25,3763.75,14599.05,6400.1,2307.5,80.6,71.65,1612.25,188.8,845.5,785.2,567.15,60.2,382.55,14933.3,449.1,3405.6,405.25,572.0,149.65,140.75,770.2,83.8,487.15,883.1,142.15,1709.5,630.1,842.05,584.6,,14.35,4843.8,340.05,4672.65,2528.15,74.65,131.6,1137.15,174.2,85.9,137.5,591.6,28.05,986.85,1544.6,1178.75,1007.6,2414.8,1418.25,2745.7,,458.1,263.6,2334.75,323.55,280.75,687.5,636.35,37.8,8.25,51.95,547.6,1653.2,992.05,,1617.0,103.9,206.05,437.6,748.4,3723.2,966.75,972.2,1641.65,86.25,414.9,1596.0,1085.9,731.45,148.7,208.6,527.85,6993.5,638.0,1610.25,1114.85,1108.8,2795.5,238.45,79725.5,1563.05,92.95,51.65,86.75,17914.75,,182.75,116.75,4384.8,163.5,114.75,31526.4,2317.7,214.9,127.6,2296.5,39.4,167.4,1361.3,1067.05,453.5,191.3,151.4,17.35,2053.25,73.1,141.95,441.55,27638.95,1953.65,7931.65,1371.0,774.0,703.0,545.15,751.7,4276.95,,292.9,137.85,122.75,1458.6,3195.8,1127.8,1739.15,3037.4,452.2,561.85,1418.35,239.35,7700.45,37.85,819.7,288.6,1031.25,590.45,12.85,199.1
2021-07-30,2394.1,1420.25,674.5,95.85,719.85,411.15,4035.0,223.45,104.0,132.8,2958.45,916.6,708.9,3829.6,14222.2,6228.1,2373.85,80.3,74.4,1619.2,184.65,843.55,771.65,561.65,59.4,386.35,14968.25,445.5,3423.4,401.65,586.1,153.2,138.4,795.75,83.88,475.75,920.05,143.3,1704.4,643.9,852.4,600.7,,14.05,4906.1,337.65,4711.2,2530.25,75.05,128.85,1184.35,178.65,87.45,139.55,607.45,28.4,987.8,1551.35,1173.65,1024.95,2441.15,1426.45,2763.3,,444.8,261.15,2333.3,320.5,275.45,682.5,632.95,37.95,8.25,52.0,557.75,1647.35,981.0,,1610.5,103.15,204.95,431.75,736.95,3775.15,964.15,994.25,1654.8,88.3,410.45,1601.45,1107.4,743.1,151.4,207.35,546.7,6977.7,640.75,1603.25,1122.1,1167.35,2865.2,234.35,79907.45,1554.75,93.5,51.45,87.8,17702.65,,181.2,118.2,4315.45,166.85,115.3,31502.1,2318.6,218.25,129.95,2278.8,39.5,171.15,1400.2,1093.2,440.7,192.95,151.1,18.15,2035.3,76.55,142.05,431.8,28265.75,1953.2,8658.7,1390.1,770.5,773.95,579.6,763.15,4225.9,,293.95,139.75,125.0,1434.3,3167.45,1209.55,1714.55,3071.1,455.2,579.3,1428.6,238.6,7619.2,36.85,808.55,301.85,1059.2,587.15,12.75,202.75
2021-08-02,2424.0,1438.2,692.0,92.85,720.45,418.1,4048.15,228.6,105.9,134.8,2974.05,918.3,721.15,3841.55,14125.15,6200.5,2499.4,80.75,74.2,1681.7,183.8,841.05,785.3,565.15,59.85,390.0,15300.1,457.8,3504.65,397.2,591.85,155.6,138.15,822.6,82.31,526.45,921.05,143.9,1677.85,691.3,860.45,599.05,,14.05,4928.95,351.85,4701.55,2602.6,74.6,126.45,1200.25,176.0,86.55,142.85,605.65,29.0,992.35,1591.65,1185.1,1035.4,2462.05,1422.65,2782.2,,445.8,272.8,2332.8,324.5,287.0,681.4,633.85,37.8,8.25,51.85,557.5,1663.15,988.0,,1631.55,105.5,207.3,424.5,746.7,3733.95,966.25,1000.45,1665.1,89.95,407.85,1613.95,1124.25,757.7,151.85,212.8,535.5,7076.95,651.25,1591.95,1103.25,1185.8,2894.2,234.5,80420.85,1584.65,95.0,50.65,86.65,17714.65,,180.15,117.75,4285.8,165.5,117.1,32465.45,2489.85,219.75,133.6,2262.55,40.7,171.0,1417.85,1094.55,447.4,194.55,156.65,18.5,2072.5,79.1,139.5,434.9,29294.25,1977.95,9004.95,1375.85,762.55,775.0,572.95,774.65,4222.8,,296.85,141.0,133.45,1410.05,3219.4,1210.7,1771.55,3076.35,465.4,572.2,1440.7,239.65,7642.05,36.8,791.05,313.25,1053.5,592.25,12.75,202.45
2021-08-03,2433.1,1442.8,705.05,91.85,724.45,422.2,4092.7,229.55,108.2,141.25,3027.0,916.9,738.6,3828.2,14295.0,6331.9,2519.7,82.65,74.35,1688.7,182.25,845.8,812.2,580.2,59.1,389.3,15238.75,463.4,3573.2,394.05,591.95,157.15,139.7,810.1,80.04,516.65,928.15,144.25,1673.7,699.45,909.7,614.25,,14.05,5006.85,355.15,4721.7,2649.3,74.9,125.05,1213.5,173.0,89.15,143.3,604.4,28.65,1017.1,1592.4,1231.3,1039.45,2554.65,1434.7,2819.1,,448.8,274.65,2386.85,321.25,285.3,690.4,651.0,37.95,7.4,51.7,556.1,1678.75,1022.05,,1655.2,106.15,209.9,421.75,740.3,3784.3,966.1,1028.4,1685.65,89.0,405.9,1634.35,1144.2,770.85,149.5,212.25,543.9,7199.4,652.6,1580.5,1124.7,1188.95,2884.1,236.7,81018.4,1585.4,94.45,49.7,88.05,18284.1,,181.15,117.65,4280.35,166.0,117.9,32922.6,2507.0,220.8,132.0,2264.15,40.3,174.45,1366.4,1107.45,452.35,186.75,155.5,18.1,2087.75,77.35,139.1,446.5,29203.5,2028.2,9040.0,1338.35,786.95,794.8,568.6,772.25,4320.9,,303.7,145.25,132.6,1407.2,3284.9,1226.25,1840.2,3101.5,464.45,571.8,1455.95,236.85,7843.25,37.4,790.55,312.9,1035.35,599.4,12.75,204.3
2021-08-04,2398.6,1429.55,694.7,90.25,721.15,419.05,4066.4,225.45,108.2,135.2,3018.6,906.55,753.8,3832.0,14187.2,6359.15,2496.45,83.5,72.6,1653.75,175.45,842.2,790.85,574.4,58.0,385.6,15455.9,457.15,3578.3,392.2,587.75,156.8,139.95,780.8,78.83,516.65,939.65,144.7,1666.75,692.8,894.65,588.1,,13.6,4964.25,350.45,4768.8,2641.8,73.85,123.75,1234.15,172.85,87.75,142.4,595.8,28.3,988.95,1554.85,1233.75,1039.95,2676.05,1465.3,2805.5,,442.7,272.25,2377.1,319.65,271.15,714.65,669.75,37.7,6.0,49.75,545.55,1662.55,1020.55,,1649.25,105.3,208.6,415.95,747.25,3732.25,967.1,1034.45,1749.95,89.2,409.6,1623.2,1152.2,766.25,154.35,211.1,536.25,7102.9,643.05,1570.85,1108.5,1174.1,2830.2,236.5,80453.0,1592.3,93.35,48.75,86.95,18057.35,,179.2,117.85,4286.4,165.6,117.35,32760.5,2550.5,215.5,130.8,2264.3,39.4,175.25,1373.85,1073.85,443.55,180.4,154.4,17.2,2103.75,73.5,137.55,456.95,29133.15,2043.3,9033.35,1321.5,784.9,785.75,559.85,763.45,4251.35,,298.15,141.35,131.65,1416.2,3273.95,1216.5,1799.6,3073.8,471.75,568.7,1445.4,227.6,7750.0,36.7,785.0,311.0,1032.65,596.8,12.65,201.8
2021-08-05,2392.2,1432.35,693.55,88.15,717.8,418.9,4073.75,222.4,105.85,134.35,2988.4,908.1,749.3,3818.75,13994.9,6248.25,2497.25,82.45,70.85,1651.2,176.6,838.2,781.2,598.7,57.25,384.15,14876.8,453.5,3611.15,402.15,584.6,156.35,139.85,763.8,77.07,539.65,945.4,145.45,1654.25,698.95,905.35,589.55,,13.1,4923.55,351.05,4782.3,2732.15,73.9,125.0,1224.55,171.75,85.95,142.9,599.0,28.8,976.0,1537.4,1216.25,1061.15,2661.7,1484.85,2818.8,,443.1,265.0,2357.7,319.45,270.25,702.45,650.5,37.25,5.95,47.8,539.55,1648.95,997.7,,1653.55,103.95,215.25,425.35,763.25,3692.1,968.3,1016.95,1771.75,88.25,408.2,1627.4,1145.3,759.35,156.35,212.3,531.9,7027.55,646.6,1611.65,1081.75,1176.45,2834.55,236.9,79663.25,1584.15,96.6,47.95,89.35,18208.75,,180.05,116.5,4401.55,162.85,116.85,32684.95,2598.8,217.35,131.75,2249.0,38.85,175.2,1342.8,1072.2,436.35,182.0,155.1,16.35,2134.25,72.25,143.05,441.85,28966.65,2061.6,8987.0,1331.95,781.7,786.15,550.45,769.3,4264.55,,299.7,140.3,134.55,1446.6,3283.95,1248.2,1799.3,3056.7,473.2,567.55,1434.3,218.25,7659.0,36.1,777.25,311.85,1045.3,600.9,12.4,201.6
2021-08-06,2341.35,1536.65,710.7,92.55,731.3,403.9,4088.05,223.35,101.8,134.15,2966.45,901.3,740.85,3847.85,14005.65,6224.3,2449.2,83.4,70.9,1671.4,175.4,827.8,779.6,607.9,57.55,383.6,14901.3,455.6,3604.0,402.35,585.8,157.35,141.0,792.45,77.06,528.8,911.3,146.1,1643.2,690.35,900.9,585.2,,13.1,4916.0,342.8,4786.3,2747.35,73.9,125.0,1199.9,171.95,87.15,148.75,596.45,28.85,972.25,1531.0,1232.9,1049.95,2628.1,1492.65,2833.8,,442.15,264.95,2371.5,318.4,271.1,697.65,650.95,37.55,7.1,49.2,535.2,1646.5,1029.5,,1650.2,105.9,214.25,421.7,757.35,3715.85,962.85,1028.4,1777.2,89.2,405.35,1610.35,1150.85,758.25,155.7,207.45,524.35,7100.8,647.85,1606.95,1088.1,1168.85,2841.7,236.15,79159.65,1547.2,94.2,48.7,88.1,18020.65,,178.35,117.65,4419.8,167.35,116.65,32584.35,2666.35,216.1,133.55,2223.3,39.55,175.0,1336.35,1049.4,439.25,177.55,156.45,17.1,2089.05,75.7,141.0,435.65,28386.6,2085.55,8906.1,1315.95,732.8,785.2,542.15,823.65,4229.45,,300.05,142.1,135.15,1428.85,3309.8,1264.6,1787.75,3063.95,475.05,569.95,1429.75,222.2,7527.65,35.95,777.3,314.15,1047.9,598.0,12.5,196.55
2021-08-09,2312.6,1493.4,699.9,90.35,728.6,405.45,4003.7,222.95,97.5,132.05,2992.55,887.7,755.5,3855.15,14242.9,6193.15,2343.85,81.15,69.7,1675.8,171.15,812.85,775.1,599.25,56.0,382.25,14711.0,452.5,3636.1,400.1,585.9,154.7,140.6,776.05,76.86,520.7,918.65,143.25,1650.9,670.4,908.9,581.75,,12.55,4905.7,342.25,4818.5,2729.0,74.75,126.05,1194.3,168.9,87.75,145.8,590.8,28.25,975.25,1512.15,1235.5,1050.55,2623.9,1503.9,2836.3,,434.7,262.0,2384.5,317.6,267.4,702.85,651.9,38.55,6.9,47.4,525.7,1662.8,1042.8,,1663.3,104.4,213.8,418.15,747.35,3704.45,972.4,1033.95,1780.9,88.4,406.5,1597.45,1133.7,774.95,153.65,200.9,526.2,7081.75,643.15,1571.2,1067.1,1142.0,2811.5,230.9,80050.65,1499.2,82.75,47.85,85.2,18202.3,,174.45,116.7,4458.0,165.5,115.0,32470.7,2814.1,213.3,131.4,2231.8,38.75,176.45,1403.0,1026.45,426.35,178.6,153.35,16.35,2077.15,73.65,134.1,433.4,28272.95,2069.0,8956.1,1302.75,681.2,788.8,540.15,846.3,4268.3,,298.1,141.3,132.05,1412.2,3322.7,1287.45,1799.15,3073.5,456.4,565.85,1414.35,217.3,7495.65,35.65,778.1,309.55,1024.7,596.8,12.45,191.25
2021-08-10,2296.95,1446.5,693.0,85.85,723.4,400.7,4062.8,215.35,93.3,131.35,2977.15,879.5,761.55,3797.95,14036.5,6170.1,2319.0,78.1,67.4,1693.8,169.25,811.0,750.8,622.2,54.6,379.0,14443.6,444.7,3637.2,410.7,576.45,152.8,138.75,759.65,73.95,510.5,912.6,142.2,1654.3,662.1,945.05,579.8,,12.3,4955.05,334.25,4769.75,2734.35,73.15,123.45,1270.0,167.2,86.4,144.85,580.95,27.95,985.2,1490.6,1223.85,1063.7,2671.65,1507.65,2797.05,,426.95,257.95,2381.8,309.35,252.85,700.9,658.7,37.55,6.65,45.85,522.1,1638.75,1033.6,,1677.25,102.25,209.85,400.45,722.15,3751.8,962.3,1008.35,1813.25,86.3,396.25,1588.45,1119.9,786.3,152.9,191.5,520.6,7001.95,637.3,1530.4,1028.25,1125.65,2797.75,223.2,78828.05,1475.0,78.3,46.5,83.35,18273.3,,168.4,114.35,4501.5,160.75,114.85,32142.4,2786.15,213.6,128.3,2222.35,37.5,172.6,1418.25,1007.0,408.85,172.75,148.4,15.55,2088.05,70.0,127.25,426.45,27117.65,2059.7,8861.15,1275.5,692.0,793.35,523.5,843.65,4238.6,,294.2,136.9,130.05,1373.6,3333.9,1323.05,1799.2,3026.65,456.45,555.8,1393.65,214.35,7474.15,34.55,771.1,304.75,998.2,603.85,12.3,183.4
2021-08-11,2276.05,1437.05,699.15,83.4,719.3,398.25,4026.35,213.5,96.3,133.5,2972.6,856.5,760.8,3727.15,14206.2,6167.8,2289.75,80.65,67.45,1666.1,172.25,818.4,782.7,620.85,54.5,372.65,14310.8,450.0,3625.5,408.15,563.75,154.1,136.25,765.15,75.59,501.55,909.85,143.95,1658.25,655.65,944.75,575.1,,11.85,4919.1,331.55,4744.85,2718.25,72.75,121.95,1261.9,169.15,85.2,147.15,578.4,27.95,979.8,1502.4,1236.75,1066.95,2658.5,1494.95,2781.6,,436.65,258.9,2390.45,316.15,246.95,693.55,656.4,37.35,6.65,46.9,521.9,1640.85,1041.2,,1677.55,104.65,208.65,421.35,749.1,3672.35,959.15,1014.75,1780.6,84.2,393.65,1583.3,1050.75,778.7,154.0,168.25,516.6,7021.5,646.05,1520.5,1061.95,1117.85,2804.55,224.4,77603.1,1443.3,82.35,45.1,84.2,18167.8,,171.8,116.95,4447.35,163.5,117.0,32980.6,2729.7,214.25,128.9,2260.25,37.4,176.35,1390.55,1006.95,412.95,177.7,148.65,15.15,2117.3,70.4,134.75,428.05,26547.5,2191.4,8763.0,1295.0,677.15,779.55,525.3,859.85,4195.3,,295.45,136.1,129.6,1426.2,3344.2,1323.6,1789.4,2902.05,457.2,560.85,1389.3,211.05,7452.45,34.7,773.8,324.45,1000.5,601.25,11.95,181.5
2021-08-12,2292.0,1442.9,704.05,85.0,729.5,399.8,4133.1,224.5,100.05,133.6,2975.5,826.2,757.35,3769.35,14340.7,6199.5,2299.85,81.55,68.85,1675.05,173.85,814.95,827.5,623.15,55.85,374.4,14306.95,448.15,3620.8,423.25,544.0,155.7,136.35,765.4,75.64,512.0,905.3,144.4,1641.3,673.0,948.9,575.4,,14.0,4908.85,334.05,4716.4,2616.55,71.95,123.6,1265.15,167.8,85.6,150.65,570.6,28.15,990.8,1492.3,1231.9,1096.5,2668.75,1501.4,2782.95,,437.25,255.2,2392.3,319.8,248.35,701.35,669.6,38.15,6.5,45.9,536.65,1669.3,1035.35,,1689.6,104.1,208.9,424.25,748.9,3741.05,958.1,1030.95,1787.7,85.35,400.45,1623.45,975.95,776.2,155.25,166.8,515.95,7012.0,655.95,1509.95,1078.9,1146.8,2925.7,223.7,78236.05,1448.45,84.55,46.9,85.15,18133.85,,173.45,119.15,4671.25,164.5,116.25,32373.6,2718.8,214.3,129.65,2220.8,37.8,187.0,1408.9,989.25,417.25,176.25,151.0,15.9,2110.5,71.55,135.0,427.15,26593.0,2191.95,8804.1,1309.4,669.5,778.65,527.35,875.85,4293.6,,306.0,143.75,133.65,1435.35,3351.75,1386.55,1823.6,2911.85,468.35,552.0,1389.65,212.15,7468.7,35.05,777.1,323.55,986.15,605.85,11.95,184.9
2021-08-13,2308.6,1437.0,704.15,84.95,729.25,402.45,4064.1,225.1,98.05,130.3,2988.7,761.3,759.9,3825.75,14317.5,6156.55,2292.1,80.95,68.4,1705.05,174.5,811.15,819.7,637.05,55.6,371.4,14436.8,454.9,3579.55,421.7,558.45,156.0,135.05,788.75,78.14,503.35,894.4,143.75,1642.0,666.1,975.55,588.3,,13.25,4948.7,332.6,4652.2,2546.8,70.75,125.25,1272.4,166.25,85.3,148.4,563.25,28.05,983.25,1496.9,1242.15,1119.45,2704.15,1526.2,2772.2,,442.05,255.05,2404.5,320.9,249.65,704.8,671.4,38.3,6.3,45.5,535.15,1676.6,1024.15,,1712.2,104.65,211.45,424.25,749.05,3781.5,957.05,1013.15,1788.0,84.45,398.15,1668.4,976.85,778.65,151.35,165.7,515.3,7002.2,660.5,1502.95,1078.6,1141.15,2920.95,221.45,78872.85,1451.2,83.75,46.35,83.4,18269.55,,171.75,118.25,4618.45,166.35,116.1,31183.45,2724.9,215.8,128.35,2206.7,37.75,184.75,1412.25,980.05,419.25,176.15,146.85,15.55,2145.65,69.7,133.95,431.2,26600.4,2244.75,8856.6,1295.05,662.15,778.3,525.35,879.0,4329.1,,307.25,142.25,132.55,1461.65,3463.4,1383.15,1837.9,2963.75,464.25,553.35,1396.55,213.2,7460.7,35.0,779.1,328.65,985.85,615.5,11.9,183.25
2021-08-16,2296.25,1430.1,706.9,83.05,720.4,396.25,4345.1,225.95,95.35,128.0,2971.4,738.05,762.0,3748.45,14549.3,6377.15,2284.35,79.5,67.75,1691.35,174.35,815.05,804.35,634.05,54.2,366.95,14206.2,464.0,3655.3,427.55,532.0,157.45,135.95,815.55,76.46,501.2,888.25,142.0,1662.85,675.9,984.0,588.35,,12.9,4898.95,329.65,4661.15,2495.85,70.95,125.05,1263.75,163.65,84.8,148.5,569.35,28.85,991.5,1490.9,1225.7,1123.65,2731.15,1530.6,2747.35,,441.75,257.7,2426.4,330.85,254.35,702.65,671.8,38.1,5.95,44.85,539.1,1692.4,1019.0,,1704.4,107.2,210.9,430.3,761.65,3751.55,958.3,1046.3,1782.35,83.65,393.3,1656.1,967.6,799.3,150.85,170.1,515.35,6826.85,656.65,1493.25,1054.5,1126.45,2905.35,218.5,78658.8,1474.0,83.2,44.8,81.2,18295.25,,172.4,118.85,4618.3,163.05,115.5,30306.5,2767.8,214.55,132.2,2218.9,37.45,180.7,1401.65,968.55,414.2,172.85,151.85,14.8,2173.5,66.8,134.5,424.85,25978.55,2225.0,8792.9,1296.65,634.1,780.8,513.65,871.55,4403.85,,303.7,140.3,132.1,1519.4,3472.95,1367.85,1837.2,2954.85,459.95,538.25,1386.45,207.25,7346.65,35.0,772.8,336.5,988.0,614.05,11.7,181.1
2021-08-17,2308.75,1441.65,692.65,79.95,711.2,401.5,4920.5,222.15,92.8,126.4,3015.3,731.45,756.75,3807.45,14737.25,6410.1,2301.9,78.05,66.7,1730.6,176.05,814.95,810.8,626.35,52.75,366.6,13994.7,465.0,3696.5,428.7,530.15,152.65,133.45,810.6,76.48,509.35,904.65,139.25,1685.45,665.65,1019.7,596.6,,12.75,4908.35,325.35,4700.5,2515.65,71.65,124.85,1249.1,163.25,83.25,147.0,554.0,29.0,1005.45,1481.0,1224.4,1142.95,2738.4,1514.65,2782.6,,436.6,253.6,2483.8,317.65,248.95,701.2,676.3,38.05,5.75,44.15,534.9,1705.55,1000.2,,1741.65,105.7,209.2,414.95,744.25,3889.8,960.05,1051.65,1788.35,81.6,387.8,1638.75,974.35,790.65,148.5,168.95,520.6,6885.4,660.2,1482.85,1077.4,1126.75,3017.3,216.15,78736.6,1473.9,80.7,44.75,80.7,18732.55,,167.5,117.4,4605.45,166.9,113.85,30613.2,2701.6,223.65,128.55,2216.1,36.75,183.25,1393.5,974.2,413.9,170.0,147.6,14.5,2164.25,63.5,130.0,421.5,26200.25,2250.7,9117.3,1280.35,635.45,784.15,509.3,865.35,4715.25,,297.7,137.75,131.1,1503.7,3553.05,1413.7,1874.45,3008.05,456.15,529.8,1407.05,205.25,7409.05,34.3,760.75,303.15,989.35,634.9,11.25,178.75
2021-08-18,2356.3,1460.0,705.4,77.3,711.5,409.4,4787.9,220.25,94.05,125.15,3001.55,721.65,754.4,3833.05,15006.35,6544.1,2276.7,78.75,66.7,1759.5,174.1,813.7,802.9,622.95,54.45,370.0,13978.25,463.5,3720.75,421.9,542.8,157.15,131.9,789.45,78.21,506.75,908.85,138.35,1668.75,673.45,1030.0,597.4,,13.25,4910.45,327.1,4687.05,2589.65,71.15,123.65,1229.9,162.95,83.25,145.6,553.6,28.85,1005.2,1501.2,1234.15,1134.25,2710.75,1513.0,2763.6,,426.95,253.8,2486.05,321.25,241.35,688.3,680.7,37.6,6.45,44.65,528.1,1697.45,989.65,,1733.45,106.2,208.95,408.0,737.45,4040.4,962.35,1106.95,1749.7,81.65,384.75,1632.85,972.8,791.35,148.05,165.5,523.7,6840.1,724.45,1504.5,1066.8,1126.65,3196.3,214.3,79347.15,1479.4,78.65,43.6,79.7,18911.0,,166.95,116.55,4524.65,163.55,113.2,30823.9,2701.5,223.65,128.2,2225.3,36.5,180.6,1388.4,989.3,413.2,168.85,148.05,14.55,2172.65,66.1,128.4,419.7,26327.3,2226.7,8983.55,1293.85,631.9,782.9,503.85,859.55,4722.2,,293.35,135.85,130.45,1500.45,3560.55,1412.5,1880.3,3052.25,460.1,525.0,1495.4,202.55,7601.45,34.7,762.2,295.9,988.6,629.4,11.3,176.7
2021-08-20,2290.55,1430.1,687.2,77.45,697.25,391.8,4746.5,211.55,90.15,119.0,3112.95,681.1,740.25,3751.5,14978.55,6661.1,2236.2,74.15,64.15,1742.6,171.05,819.25,752.85,613.7,51.65,357.35,13676.35,455.2,3895.95,414.7,534.85,152.8,130.35,766.95,74.78,485.1,890.85,135.6,1677.05,649.9,992.05,611.7,,12.85,4818.7,309.0,4556.0,2601.65,70.1,119.1,1194.1,160.25,79.9,140.35,539.75,27.55,1033.15,1484.65,1236.3,1117.35,2722.05,1514.75,2697.5,,403.65,247.2,2619.4,308.1,224.15,680.7,666.2,37.45,5.95,41.8,521.9,1658.5,979.45,,1732.95,103.5,208.9,376.85,684.6,3968.2,958.55,1075.2,1703.55,79.2,375.5,1593.6,926.6,785.65,142.95,158.3,537.9,6850.9,703.9,1493.85,1036.4,1098.95,3345.05,203.3,78076.95,1457.95,73.3,42.85,77.25,19571.25,,151.0,114.15,4438.95,166.35,110.2,31116.55,2636.4,226.9,124.4,2267.2,35.6,178.6,1325.45,958.15,403.85,162.75,143.95,13.9,2148.25,63.4,119.0,406.7,26291.15,2217.9,8889.1,1254.5,601.6,761.15,482.9,839.35,4732.6,,283.1,132.8,126.2,1375.6,3559.5,1399.2,1876.8,3036.1,453.1,510.5,1452.2,177.8,7493.35,33.5,728.25,269.25,977.7,620.05,11.15,170.45
2021-08-23,2261.45,1396.7,668.3,73.6,680.5,390.65,4743.25,205.35,85.85,117.75,3077.45,682.95,736.1,3668.25,15271.9,6752.2,2279.85,73.2,62.5,1727.75,175.15,795.45,719.65,622.65,51.45,333.2,13650.55,451.7,3866.25,414.35,547.1,152.9,127.65,743.6,73.18,484.2,898.35,133.95,1658.6,653.2,975.5,609.9,,12.85,4874.65,306.6,4514.85,2544.0,67.85,119.9,1257.4,158.4,78.25,140.8,527.65,27.55,1029.75,1440.65,1259.2,1163.1,2721.95,1524.6,2680.6,,406.85,245.65,2634.15,310.25,218.75,682.7,681.45,36.75,6.0,40.95,522.9,1671.45,988.6,,1738.75,103.0,206.3,363.6,684.2,3791.4,953.1,1083.95,1716.85,76.9,367.5,1580.75,925.6,765.9,139.4,158.45,528.4,6825.9,701.85,1478.7,1041.05,1084.0,3500.7,199.9,76162.9,1458.25,74.75,40.9,70.85,20021.05,,146.8,113.4,4414.65,168.15,111.75,30908.65,2552.25,225.7,123.15,2227.3,36.15,175.65,1310.35,946.8,393.3,157.6,140.55,13.25,2162.35,60.25,115.15,409.5,25985.95,2163.65,8971.0,1245.7,581.65,759.35,474.55,822.25,4685.3,,276.95,131.2,124.95,1358.65,3637.4,1416.0,1870.35,3061.95,453.55,501.3,1459.65,151.75,7351.0,33.0,718.95,273.95,972.85,628.85,10.8,169.95
2021-08-24,2280.95,1437.8,695.4,77.25,685.95,395.35,4840.75,209.0,93.25,119.7,3045.95,688.2,746.35,3714.75,16461.7,6980.1,2287.45,75.5,63.5,1708.25,177.65,790.95,741.0,620.1,53.25,349.5,13884.0,456.4,3812.2,412.8,548.9,155.7,130.15,765.15,76.89,510.1,917.65,136.2,1648.25,648.4,996.25,592.85,,12.95,4863.2,315.2,4587.4,2547.9,68.05,120.55,1296.3,159.35,80.1,145.45,521.65,28.3,1013.45,1460.15,1265.7,1152.9,2691.25,1558.85,2675.85,,420.85,249.75,2633.0,316.25,224.9,694.45,669.0,37.1,6.25,42.9,524.85,1692.5,1005.05,,1720.85,105.9,205.75,372.75,691.65,3700.0,952.35,1088.45,1704.9,79.45,378.05,1605.8,939.8,778.15,146.3,163.5,521.7,6803.2,692.85,1462.65,1043.8,1119.3,3500.45,208.75,77157.95,1503.05,80.4,44.15,75.85,19779.85,,154.75,113.95,4585.9,171.1,113.2,31242.2,2609.65,228.45,125.25,2208.15,36.35,176.6,1324.15,960.2,403.65,162.25,144.4,13.9,2183.7,63.25,119.2,417.6,26232.95,2199.85,8982.8,1279.55,587.4,771.35,497.3,829.85,4745.9,,279.8,134.7,125.9,1404.65,3613.2,1463.35,1869.6,3056.55,460.45,508.05,1454.1,157.45,7455.35,33.35,731.05,286.4,973.65,633.55,11.0,172.05
2021-08-25,2267.35,1475.35,720.75,81.1,675.35,397.05,4771.65,207.5,91.25,118.9,3038.05,696.7,739.05,3689.65,15904.4,6944.95,2275.0,75.1,64.85,1716.95,179.95,784.5,731.1,612.45,53.1,347.15,13865.75,460.7,3842.8,410.4,543.0,151.05,133.3,753.85,75.96,510.95,912.6,138.85,1656.9,643.55,989.7,600.1,,13.05,4856.5,307.3,4548.95,2579.5,69.3,118.55,1341.5,159.8,80.45,144.9,519.7,28.9,1040.85,1447.7,1204.25,1154.35,2699.25,1557.4,2673.95,,430.7,257.85,2645.0,316.05,223.35,691.05,655.4,37.8,6.3,42.55,524.85,1717.0,1005.55,,1735.55,106.1,206.4,375.4,683.85,3827.65,946.7,1087.25,1697.2,80.05,384.65,1593.8,940.8,772.05,146.9,162.4,512.35,6711.45,683.65,1466.75,1021.35,1124.75,3509.3,211.4,77015.55,1481.0,81.2,45.1,75.25,19909.85,,156.25,114.0,4711.5,176.05,115.65,31061.4,2563.7,228.1,125.85,2214.85,36.45,175.5,1319.35,970.9,400.55,161.55,145.25,14.55,2202.6,66.4,119.35,416.25,26288.25,2189.45,8944.2,1267.35,581.55,769.05,483.95,822.1,4810.05,,284.4,138.6,126.05,1390.2,3659.0,1463.1,1822.65,3054.25,472.65,519.25,1432.2,164.7,7382.35,33.5,726.1,290.05,960.2,631.65,10.95,170.15
2021-08-26,2275.55,1475.7,721.7,85.15,666.3,398.35,4700.4,208.85,91.05,117.55,3039.65,699.1,746.35,3691.4,15958.8,6931.95,2272.3,74.1,65.75,1707.25,181.3,786.55,727.1,586.9,52.0,341.0,13648.4,466.75,3930.9,405.1,540.6,152.85,135.15,756.6,75.73,530.75,911.3,137.3,1654.4,653.05,981.1,605.5,,12.75,4846.7,307.55,4503.5,2578.75,69.5,116.1,1343.15,157.3,78.2,142.65,512.85,28.75,1042.65,1439.05,1215.0,1167.45,2700.35,1554.8,2647.55,,424.1,255.5,2666.4,315.3,219.0,698.8,651.85,37.95,5.9,42.2,524.35,1747.8,1001.5,,1727.7,105.6,204.6,371.25,672.0,3829.35,950.05,1163.35,1697.5,81.2,386.25,1595.75,937.45,781.4,155.1,161.4,522.1,6608.6,684.4,1498.6,1024.45,1118.05,3494.95,213.3,76564.55,1485.4,78.8,44.1,75.9,20052.7,,148.55,112.75,4739.0,179.65,115.55,30471.75,2567.05,227.6,124.65,2227.7,35.8,173.1,1300.1,968.6,395.2,162.55,144.1,15.15,2230.45,67.9,115.25,410.75,26556.05,2211.05,9063.15,1265.45,581.75,760.55,475.55,826.6,4861.6,,284.3,139.35,125.65,1375.05,3671.85,1449.5,1815.35,3052.75,473.15,509.2,1435.75,160.15,7307.1,33.55,719.65,287.55,957.4,628.95,10.95,168.05
2021-08-27,2348.1,1506.05,727.0,89.4,682.85,410.05,4765.1,208.95,91.05,120.25,3036.8,710.0,752.4,3699.45,16195.6,6966.6,2290.85,74.55,67.4,1722.95,185.3,785.85,729.45,595.15,54.2,346.7,13642.75,471.3,3941.55,407.0,550.55,151.6,133.65,747.1,75.86,524.8,923.9,138.55,1655.6,653.35,980.0,608.75,,12.75,4910.7,311.8,4600.55,2576.1,70.6,115.5,1347.5,157.6,77.95,143.5,516.6,29.15,1054.05,1458.3,1235.0,1162.95,2718.2,1548.45,2674.05,,437.9,256.6,2677.95,318.2,220.0,699.75,656.15,38.5,6.0,42.5,524.8,1776.85,990.2,,1708.8,105.95,205.9,371.5,677.5,3812.35,951.35,1185.05,1713.55,81.45,387.75,1638.1,940.1,775.15,155.55,160.35,524.95,6624.85,700.45,1491.25,1019.8,1131.9,3643.05,214.25,76953.45,1491.7,85.0,44.15,76.45,19957.35,,152.2,113.4,4763.55,176.55,116.65,30859.05,2571.1,227.85,126.3,2225.2,36.15,174.35,1324.35,986.65,393.95,162.75,146.3,14.8,2227.4,65.8,118.25,412.45,26897.75,2222.2,9423.55,1281.4,603.2,771.8,482.65,829.0,4868.65,,285.75,136.6,127.25,1384.15,3720.15,1445.4,1822.55,3046.9,488.15,511.1,1448.6,157.0,7565.6,34.15,729.25,292.6,985.35,634.95,11.05,170.75
2021-08-30,2386.5,1516.55,730.0,93.85,694.0,417.7,4757.55,212.45,92.75,121.7,3108.75,716.05,784.05,3720.4,16560.4,7165.5,2272.65,76.95,67.95,1769.0,184.05,810.65,759.8,620.45,54.1,356.6,13826.0,472.55,3986.35,413.25,555.0,155.25,133.1,763.0,79.01,548.2,934.7,143.6,1699.15,679.9,999.4,616.75,,12.8,5104.25,319.8,4677.85,2553.95,71.8,116.6,1366.4,161.55,81.35,146.0,528.25,29.4,1087.5,1471.15,1266.5,1163.4,2755.7,1568.25,2726.25,,448.05,259.6,2687.7,324.05,227.95,713.65,659.0,38.5,5.95,43.45,531.9,1819.25,1005.1,,1698.05,107.35,208.0,381.45,686.55,3907.45,952.4,1166.2,1735.85,83.9,397.4,1660.1,952.5,791.55,159.7,160.45,525.05,6796.9,708.65,1520.3,1063.3,1136.85,3600.25,218.65,78185.5,1503.2,87.95,44.45,77.6,19742.25,,155.55,114.95,4713.85,174.05,120.15,31424.2,2599.5,230.3,129.8,2262.15,36.75,175.5,1334.8,994.2,402.3,169.3,149.85,15.1,2270.25,68.95,121.5,422.7,27157.85,2258.4,9713.1,1334.95,607.7,787.2,485.1,834.4,4826.75,,291.95,139.7,129.15,1440.6,3701.3,1419.2,1878.45,3092.4,490.85,519.8,1469.15,157.25,7703.8,34.9,740.45,298.6,986.35,632.45,10.9,173.1
2021-08-31,2413.2,1587.6,748.3,98.5,699.25,421.05,4969.55,212.95,90.5,122.75,3201.35,727.3,786.5,3727.85,17148.75,7524.5,2294.9,77.35,66.35,1771.8,186.65,820.8,767.2,664.05,52.55,358.85,13859.2,471.65,3997.5,417.1,554.15,159.1,134.0,777.5,80.39,554.05,947.8,145.85,1693.3,679.55,999.15,621.5,,12.6,5173.6,320.55,4704.05,2679.25,73.1,117.9,1346.35,161.15,81.25,146.15,530.3,29.05,1099.3,1500.4,1268.45,1182.3,2798.5,1581.4,2741.85,,468.3,266.6,2724.1,321.75,224.0,719.05,659.1,38.5,6.1,42.95,545.85,1904.15,992.4,,1706.45,110.85,211.3,376.95,687.6,3995.0,953.45,1175.2,1753.7,83.3,402.25,1672.2,957.85,793.3,160.15,160.4,544.45,6846.1,715.15,1517.55,1088.15,1146.65,3627.25,218.6,79742.75,1514.0,90.75,44.35,79.25,19467.75,,154.05,115.95,4699.55,182.0,120.55,31499.1,2606.65,227.6,129.05,2280.35,36.65,175.35,1327.95,1008.8,404.5,165.5,151.7,14.75,2258.15,67.45,121.6,426.05,28287.9,2272.4,10139.75,1352.7,613.4,794.05,482.55,844.65,4770.95,,287.3,136.55,129.05,1450.25,3786.45,1447.65,1921.6,3105.9,481.5,525.15,1475.0,153.8,7832.45,35.4,741.25,302.8,995.85,640.95,10.8,171.65
2021-09-01,2424.05,1565.2,744.75,103.4,712.1,421.5,5039.05,218.7,90.45,122.5,3302.75,729.9,798.9,3758.3,16786.3,7519.6,2329.7,78.35,63.55,1775.3,189.85,828.65,781.05,666.4,54.95,354.7,14011.5,477.0,4015.35,409.4,552.35,161.05,133.95,827.1,81.26,568.85,922.85,144.2,1701.3,688.5,1005.95,626.25,,12.7,5202.65,332.85,4763.45,2703.15,72.25,125.0,1347.8,170.05,82.4,144.8,532.05,30.3,1097.85,1486.0,1344.75,1164.65,2747.75,1579.1,2740.85,,458.1,266.65,2732.9,322.75,232.1,719.9,658.45,38.45,6.1,44.45,549.3,1916.0,998.75,,1677.75,110.75,209.5,370.8,676.65,4002.65,958.1,1159.35,1746.65,83.9,408.25,1686.4,962.25,769.9,162.05,164.15,547.3,6784.9,735.7,1501.05,1074.1,1150.0,3601.15,217.2,79954.65,1525.05,88.5,45.7,78.3,19826.85,,152.2,115.4,4653.5,179.5,119.7,32108.25,2594.55,227.75,129.3,2313.8,37.35,175.65,1336.05,1014.15,420.9,170.95,152.6,14.3,2267.1,66.0,120.05,429.9,28478.25,2285.55,9929.9,1329.9,608.9,788.5,486.65,840.7,4848.5,,295.25,139.45,133.4,1411.2,3714.95,1436.3,1939.4,3167.5,487.85,529.85,1543.3,156.45,7766.95,35.35,748.65,298.05,1045.8,642.05,11.1,173.85
2021-09-02,2474.2,1570.55,753.85,108.55,720.2,428.7,5043.5,221.65,93.55,121.85,3301.6,746.85,802.7,3720.95,16703.25,7498.45,2389.05,78.4,59.6,1787.25,190.15,834.05,781.4,666.5,54.7,358.65,14085.6,479.8,4086.1,412.2,556.5,159.1,134.6,821.35,82.07,582.85,955.25,141.6,1725.6,735.7,1040.3,640.85,,13.05,5165.55,338.9,4859.7,2733.2,71.95,126.65,1311.35,178.2,82.8,145.1,538.4,30.45,1125.5,1499.25,1392.25,1172.75,2777.7,1589.0,2730.35,,456.95,266.7,2801.05,325.2,232.8,725.15,676.1,38.7,7.15,44.9,558.4,1944.05,1010.1,,1689.1,110.15,209.75,377.75,685.05,4115.85,981.75,1200.65,1776.4,84.65,409.75,1686.2,967.8,752.45,166.35,165.1,562.65,6792.9,748.05,1544.9,1086.8,1181.3,3742.4,217.7,81265.15,1525.15,89.55,44.9,78.05,20240.6,,153.3,116.5,4717.6,179.25,118.65,32049.55,2608.8,227.15,128.3,2340.7,37.45,175.75,1335.45,1038.3,419.35,171.85,152.95,14.8,2294.4,68.85,120.85,429.75,30323.25,2285.25,10170.9,1343.05,613.55,789.95,487.35,846.5,4922.9,,293.15,140.4,133.6,1425.1,3836.75,1437.8,1967.1,3143.15,485.05,530.15,1563.25,158.05,7952.75,35.2,753.35,305.8,1085.35,651.45,11.15,172.65
2021-09-03,2469.0,1565.55,754.9,103.15,721.65,437.1,5014.55,223.05,92.7,120.6,3338.8,757.9,798.0,3757.5,16734.35,7523.4,2411.15,79.2,59.3,1772.5,198.6,831.35,791.3,658.45,55.45,363.5,14310.4,491.3,4124.2,414.7,555.65,160.7,136.05,849.35,82.94,571.45,941.1,146.35,1724.5,727.25,1025.95,641.25,,13.2,5208.3,343.7,4898.55,2802.6,71.9,123.5,1321.7,189.65,82.85,147.4,533.75,30.45,1119.35,1510.45,1430.45,1174.75,2758.6,1576.05,2799.45,,461.3,275.95,2766.7,325.05,230.65,724.3,697.75,38.15,7.25,45.65,558.15,1965.65,1003.75,,1700.65,113.1,210.6,392.6,690.9,4113.1,992.45,1198.25,1791.85,84.45,407.2,1691.5,969.45,749.9,165.15,163.65,560.8,6863.1,752.95,1592.9,1066.9,1173.4,3773.45,218.65,82397.85,1507.0,93.9,44.9,80.6,20266.65,,154.6,117.0,4749.0,179.9,123.1,32473.3,2614.9,229.8,128.55,2327.4,38.05,175.55,1338.95,1046.7,416.4,172.2,154.25,14.85,2388.5,70.55,122.45,431.4,30440.8,2267.4,10341.45,1350.05,613.3,789.4,490.6,841.0,4886.0,,295.55,140.25,133.85,1443.65,3842.05,1441.95,2019.3,3189.65,486.25,540.4,1571.7,156.8,7929.85,35.35,752.8,308.3,1088.95,655.1,11.1,176.4
2021-09-06,2472.75,1582.0,751.2,98.0,720.35,438.3,4995.5,221.7,92.85,121.8,3315.55,754.75,800.8,3781.1,16747.0,7506.35,2454.15,78.9,59.9,1751.5,195.45,834.95,788.15,654.6,55.45,361.5,14287.05,490.8,4079.05,409.6,556.9,160.05,135.75,867.95,83.76,570.85,950.2,146.35,1702.55,728.7,1047.3,634.8,,13.75,5205.1,345.5,4915.95,2844.9,73.0,123.6,1386.9,188.6,82.4,146.9,535.85,30.85,1113.0,1531.0,1430.45,1200.15,2765.3,1565.7,2817.2,,469.25,269.95,2780.6,328.05,231.1,721.15,693.95,38.4,7.25,45.15,571.35,1968.7,991.95,,1730.4,111.6,209.3,390.3,686.65,4153.1,989.05,1178.75,1774.55,84.35,404.8,1694.2,981.95,754.75,168.25,168.3,554.75,6846.9,749.3,1643.7,1071.6,1187.6,3821.7,214.35,81404.85,1525.0,99.2,44.45,79.0,20223.2,,153.65,116.45,4818.0,176.2,121.65,32014.2,2640.55,230.5,128.35,2341.4,37.85,174.1,1377.0,1047.7,423.5,174.0,152.75,15.55,2425.6,70.8,121.45,431.05,30535.55,2233.25,10230.45,1346.45,610.1,784.25,490.95,839.2,4876.3,,297.45,139.65,132.2,1437.0,3852.0,1461.15,2020.65,3130.5,478.85,546.45,1581.1,153.05,7952.6,35.15,755.75,315.15,1123.2,686.45,11.0,179.5
2021-09-07,2483.5,1558.1,745.5,93.1,719.7,441.5,4877.05,218.25,93.2,120.6,3336.25,746.3,787.85,3770.7,16781.2,7457.3,2474.35,78.1,57.95,1737.7,194.3,833.9,777.2,670.55,55.3,356.75,14360.6,481.95,4095.45,411.45,553.85,156.1,134.95,878.65,83.39,574.45,950.5,147.2,1731.25,723.65,1039.45,638.0,,15.55,5210.1,336.05,4897.45,2823.15,72.35,125.75,1397.4,185.85,81.55,144.2,530.5,30.6,1112.65,1554.45,1444.8,1182.2,2837.0,1569.25,2797.75,,462.3,267.35,2777.7,328.95,226.35,716.9,702.1,39.1,8.25,46.4,564.65,1950.65,1001.25,,1706.65,111.85,211.75,399.85,683.8,4076.1,989.85,1182.15,1764.85,84.35,423.95,1681.7,989.6,753.1,170.2,163.9,556.7,6877.15,752.65,1638.9,1090.95,1180.95,3795.75,212.0,81084.7,1531.15,96.3,44.05,77.45,20368.45,,151.35,115.85,4743.0,180.45,119.95,32052.45,2580.7,231.25,127.55,2335.75,37.4,173.0,1360.55,1050.9,433.3,173.9,150.85,16.3,2440.9,68.65,120.25,429.1,30653.6,2211.45,10154.85,1344.8,600.05,769.9,484.55,823.05,4919.5,,294.6,138.7,130.05,1428.7,3815.9,1435.2,2033.9,3094.55,471.7,553.8,1575.35,137.75,8026.25,34.75,752.05,311.95,1187.25,674.25,10.9,177.85
2021-09-08,2448.95,1555.95,746.85,97.75,720.6,435.95,4811.4,214.8,98.2,121.7,3336.6,743.25,794.7,3725.35,16560.75,7463.2,2476.7,79.35,57.5,1733.8,197.1,831.2,772.4,667.85,55.7,355.45,14272.0,489.55,4061.4,399.7,555.35,157.75,135.75,869.7,83.0,577.1,951.8,149.15,1705.8,735.85,1041.55,640.65,,14.95,5085.05,334.7,4911.3,2800.0,72.0,125.55,1383.25,183.0,83.1,145.1,520.15,30.5,1109.15,1576.7,1432.65,1188.8,2829.3,1576.4,2798.35,,456.3,269.85,2800.9,329.95,229.75,720.95,717.15,38.55,8.05,46.15,565.0,1950.65,999.6,,1693.25,112.6,211.25,395.8,687.05,4050.8,998.35,1196.45,1815.35,84.7,418.45,1666.55,982.15,754.75,168.1,164.8,560.95,6781.25,748.1,1627.8,1089.6,1176.9,3750.1,211.05,80240.0,1544.95,96.4,43.85,76.95,19839.6,,152.25,114.05,4711.2,189.65,118.95,31900.7,2579.45,230.5,132.2,2313.3,37.65,172.85,1353.3,1044.35,433.45,173.8,157.55,17.1,2431.35,70.7,120.0,431.35,30794.8,2210.4,10171.9,1365.05,596.15,777.45,482.8,832.3,4864.6,,295.25,138.55,133.25,1429.85,3774.15,1427.85,2055.95,3100.55,482.55,546.6,1592.6,143.15,7992.9,34.85,762.0,298.95,1206.6,662.2,10.9,177.4
2021-09-09,2458.75,1545.0,749.7,102.55,721.35,438.35,4719.55,214.95,97.45,125.3,3346.35,741.75,790.15,3700.6,16750.5,7430.65,2456.2,79.15,57.2,1737.75,197.05,836.55,773.85,686.15,55.65,352.75,14328.65,491.15,4070.8,403.65,558.1,157.5,137.65,854.95,82.88,568.25,949.3,148.65,1735.5,742.95,1044.0,638.3,,17.9,5054.9,332.95,4912.05,2818.2,71.8,123.95,1375.95,182.0,82.4,145.15,524.55,30.1,1109.25,1597.9,1453.95,1198.55,2830.1,1568.6,2796.7,,463.55,268.65,2810.65,329.45,227.45,720.25,696.7,38.35,8.4,46.9,564.3,1911.6,999.5,,1691.6,112.8,212.65,400.35,688.95,4097.7,993.9,1188.25,1817.85,84.7,419.05,1670.05,981.8,750.75,167.6,165.05,575.0,6802.25,755.4,1661.5,1085.35,1168.8,3764.8,212.65,79867.9,1538.9,97.95,43.85,78.7,20457.2,,152.0,114.55,4767.55,194.9,122.15,32096.0,2575.65,231.6,135.2,2348.25,37.55,173.5,1382.0,1056.2,435.55,172.15,157.3,17.95,2425.6,74.2,122.2,432.3,30671.35,2230.55,10329.45,1348.35,596.1,776.3,491.45,829.25,4928.75,,298.95,140.95,132.75,1447.0,3791.4,1433.25,2034.3,3108.35,477.45,544.75,1599.95,157.35,7939.65,34.9,757.9,301.85,1213.1,662.35,10.95,183.0
2021-09-13,2471.4,1532.45,745.1,100.55,718.05,436.25,4745.85,214.9,97.85,123.3,3367.05,736.15,788.35,3699.55,16938.2,7445.55,2448.6,78.25,56.2,1768.9,196.5,839.3,774.5,693.3,55.15,353.6,14566.1,498.1,4093.85,408.75,555.55,156.8,138.9,848.6,83.82,584.4,950.45,154.6,1723.3,740.55,1044.15,640.2,,19.35,5085.2,339.65,4931.4,2805.0,72.6,128.4,1378.85,184.05,82.1,145.9,518.7,30.0,1121.25,1606.35,1450.1,1208.4,2849.8,1555.55,2789.8,,478.35,270.65,2786.35,335.4,228.95,707.4,693.4,39.35,7.95,46.85,591.45,1897.7,996.3,,1691.9,114.0,214.15,403.5,694.4,4135.2,989.0,1172.7,1840.05,85.2,419.55,1671.7,984.1,745.55,168.55,165.3,575.6,6873.7,754.6,1629.3,1094.9,1181.65,3935.05,213.25,80243.6,1544.55,100.75,43.2,77.95,20452.25,,151.55,115.0,4856.05,193.35,123.05,32077.75,2570.6,230.05,138.7,2397.0,37.6,173.9,1394.25,1056.1,429.45,172.25,158.05,18.8,2371.55,77.9,120.25,432.85,30663.35,2208.55,10685.5,1341.7,597.55,780.3,488.65,837.3,5009.3,,301.2,140.95,131.05,1463.45,3845.35,1429.5,2030.65,3126.05,480.75,545.65,1599.1,165.5,7944.45,34.65,756.0,308.55,1213.05,670.75,11.1,186.85
2021-09-14,2442.95,1513.2,755.4,99.2,736.7,432.45,4732.45,221.05,95.7,124.85,3362.5,748.05,794.4,3751.05,16831.25,7417.55,2472.5,78.65,56.1,1793.6,202.4,834.85,780.05,681.41,58.0,355.7,14569.0,493.1,4101.5,408.9,560.85,155.25,138.45,846.45,88.08,581.25,953.15,154.7,1732.95,729.1,1038.65,639.2,,21.25,5094.85,342.3,4930.75,2820.3,73.0,127.8,1466.0,182.6,82.35,156.0,531.55,30.0,1114.05,1611.8,1465.55,1238.65,2818.05,1548.55,2851.7,,477.95,274.15,2762.55,333.0,239.3,707.45,689.9,39.0,8.7,47.95,587.0,1943.0,1036.6,,1686.15,115.25,216.1,401.1,693.65,4116.0,986.15,1163.7,1867.75,86.15,419.6,1696.45,982.65,750.2,168.95,166.2,558.3,6894.45,758.9,1613.5,1093.7,1189.05,3936.0,221.95,80423.85,1542.4,98.15,45.25,79.85,20230.45,,151.9,115.9,4832.9,198.4,123.95,32590.45,2648.7,231.05,138.25,2408.85,37.8,174.1,1407.35,1047.8,433.65,175.35,157.45,19.7,2368.45,81.75,120.65,433.0,30658.5,2207.3,10676.4,1352.8,600.8,781.4,512.15,835.75,4987.0,,306.1,143.15,133.0,1452.3,3885.9,1452.05,2055.7,3133.1,482.25,549.95,1586.6,160.45,7856.45,34.45,752.5,303.2,1227.75,673.45,12.45,261.55
2021-09-15,2467.4,1516.8,765.95,99.5,742.25,437.05,4792.05,222.4,95.85,128.35,3352.3,759.0,791.4,3779.1,16828.9,7414.15,2500.75,81.3,56.8,1837.85,207.8,837.45,787.55,712.13,57.9,357.5,14580.2,489.95,4086.35,425.7,566.15,161.6,137.95,842.75,88.04,580.0,952.95,161.05,1730.3,720.1,1041.3,637.2,,20.4,5158.9,342.45,4962.6,2841.95,73.75,125.95,1465.8,182.95,83.65,157.15,535.9,32.3,1126.9,1606.8,1451.2,1273.25,2815.45,1546.8,2874.95,,486.8,275.7,2775.45,334.45,235.75,714.35,695.5,39.25,8.95,48.65,585.6,1977.45,1053.95,,1711.45,116.4,216.0,401.9,696.65,4164.25,987.95,1149.75,1871.7,86.65,420.5,1717.0,989.35,755.1,172.65,167.7,562.15,6909.0,752.55,1609.35,1130.85,1180.3,4116.65,228.25,80210.15,1542.35,96.0,45.0,85.7,20119.2,,154.25,124.2,4866.85,205.85,128.45,32685.55,2649.95,233.15,137.45,2400.75,38.75,177.9,1411.5,1048.6,429.95,179.4,161.3,20.65,2378.3,85.8,120.75,443.85,31040.45,2208.75,11224.6,1366.8,622.1,780.65,508.3,858.8,5113.4,,311.95,161.5,140.05,1455.1,3954.55,1464.85,2119.85,3122.45,488.9,548.35,1592.2,162.95,7820.85,34.85,762.1,307.2,1242.15,674.05,12.7,255.9
2021-09-16,2429.7,1503.2,769.65,98.55,737.35,430.2,4880.75,221.95,94.4,127.25,3342.1,754.75,802.6,3813.5,16733.0,7411.5,2510.65,85.9,60.05,1804.8,205.55,833.7,778.45,705.36,58.2,376.75,15279.6,439.05,4073.05,423.05,564.5,166.75,141.65,835.25,88.21,609.4,954.0,162.3,1716.5,733.05,1032.05,640.4,,19.85,5166.9,342.4,4931.95,2860.2,73.6,124.0,1447.85,182.85,85.9,157.15,535.4,32.15,1104.7,1578.45,1453.1,1263.1,2812.35,1559.95,2920.4,,483.3,282.5,2768.25,334.9,241.85,727.2,699.7,42.15,11.25,50.95,570.8,1979.85,1130.95,,1702.25,118.35,230.75,395.1,689.45,4096.35,988.0,1180.2,1906.8,87.7,416.95,1721.25,968.1,756.95,173.6,168.05,562.7,6930.95,743.1,1640.25,1104.45,1174.85,4180.35,224.3,79971.7,1553.5,96.4,44.75,82.9,20027.85,,152.1,124.0,4807.3,211.5,128.7,33152.0,2648.65,232.8,136.35,2401.05,41.8,179.45,1407.5,1032.7,426.0,183.5,156.3,21.65,2428.2,90.05,119.6,463.7,30660.65,2199.6,11324.75,1406.4,618.5,781.05,502.65,865.4,5153.6,,311.65,157.0,140.25,1436.75,3903.3,1448.35,2108.7,3114.25,495.0,544.7,1601.95,161.6,7765.45,36.7,754.0,309.1,1248.0,667.85,14.7,247.15
2021-09-17,2394.85,1480.25,767.1,100.45,728.45,419.8,4908.25,223.6,94.2,125.15,3303.05,746.2,807.35,3822.2,16840.2,7428.8,2490.1,82.3,58.25,1784.55,205.3,818.75,761.55,714.73,56.55,377.4,15076.0,436.25,4051.85,420.45,557.2,162.75,136.45,850.0,92.2,606.85,954.05,156.7,1732.55,723.65,1007.7,653.95,,20.8,5122.8,334.75,4884.55,2898.55,73.6,120.0,1452.55,184.45,83.3,154.1,518.85,31.55,1090.6,1568.8,1471.9,1263.3,2825.65,1582.15,2932.1,,473.05,282.95,2722.25,334.75,228.75,720.15,703.55,39.15,11.15,49.15,561.35,2196.05,1130.0,,1691.3,118.25,231.15,386.6,682.3,4102.8,984.35,1155.0,2007.95,85.5,417.75,1716.2,950.95,754.15,179.35,163.75,560.1,7014.45,741.75,1596.15,1081.7,1135.9,4184.2,223.0,79397.25,1513.5,94.15,44.05,80.0,20175.7,,147.4,123.75,4790.8,199.8,127.75,33121.25,2634.7,232.2,138.3,2368.45,39.75,178.8,1392.0,1011.5,418.8,181.0,157.05,21.05,2390.55,94.55,115.15,454.1,30559.45,2180.55,11099.05,1360.8,609.4,769.9,493.15,844.5,5490.65,,308.6,146.55,137.9,1385.9,3827.85,1451.55,2095.6,3097.2,481.9,547.1,1594.65,155.5,7711.85,35.9,742.35,302.0,1254.15,665.25,13.25,255.45
2021-09-20,2325.95,1418.85,748.9,95.45,729.2,409.8,4878.1,218.0,94.6,125.1,3271.55,712.4,795.85,3776.05,17018.95,7442.45,2480.1,78.25,55.95,1758.4,201.6,813.55,740.1,711.59,54.05,360.4,15154.55,420.4,4084.5,411.25,546.0,154.95,137.75,844.9,92.95,587.35,938.1,154.2,1726.75,708.0,984.2,645.65,,19.45,5110.1,323.0,4774.95,2813.0,73.15,120.6,1439.45,180.1,79.7,149.8,494.6,34.05,1079.65,1535.6,1407.2,1276.15,2742.5,1559.85,2889.5,,444.4,272.5,2800.35,323.25,215.6,710.0,678.55,36.95,10.75,47.85,543.45,2169.5,1089.95,,1687.85,114.6,233.75,351.1,633.2,4083.35,983.2,1140.45,2001.45,83.8,404.4,1704.35,933.75,738.05,176.2,161.4,567.45,6950.4,738.0,1593.55,1048.0,1107.55,4124.25,216.4,78875.45,1475.45,85.75,43.15,78.15,20322.6,,136.0,122.7,4694.65,195.15,128.5,32714.25,2503.55,228.3,133.45,2361.45,38.1,177.0,1423.8,980.85,411.2,174.0,151.3,20.6,2394.35,98.0,105.8,437.45,30101.9,2136.25,10607.4,1320.1,585.35,756.5,488.1,799.75,5831.7,,298.95,146.9,134.3,1253.1,3823.5,1431.3,2077.35,3057.85,484.5,545.4,1555.2,153.5,7576.0,34.6,705.6,286.55,1221.1,662.5,12.8,255.45
2021-09-21,2332.3,1441.45,749.6,94.55,727.55,413.2,4891.6,219.55,95.2,126.9,3309.2,726.4,795.35,3728.8,17587.25,7813.85,2535.4,78.65,54.7,1771.6,204.45,815.3,739.0,713.26,54.4,367.25,15173.9,413.8,4075.55,410.3,550.8,154.95,137.45,842.9,88.85,578.35,956.1,156.4,1732.45,703.3,990.65,651.3,,19.55,5179.45,330.7,4853.65,2854.4,72.4,119.55,1474.85,178.4,80.05,150.0,506.2,35.3,1080.45,1557.15,1411.1,1299.5,2774.35,1551.95,2850.45,,451.0,271.75,2812.45,318.6,208.45,711.85,692.3,39.15,10.8,48.5,549.4,2236.25,1137.55,,1718.45,115.0,241.5,361.6,668.95,4135.35,979.7,1123.85,2010.95,83.9,407.45,1720.9,930.1,738.45,180.85,166.35,560.7,6777.0,746.85,1637.45,1046.35,1102.3,4353.8,220.1,78373.75,1479.1,88.6,43.1,79.95,20189.55,,138.1,124.1,4668.9,208.9,135.2,32479.1,2612.5,231.75,133.4,2430.75,38.1,175.9,1508.5,979.55,413.35,175.85,151.9,19.9,2404.7,93.1,111.2,438.8,30059.9,2169.55,10664.25,1323.75,586.7,764.5,484.25,801.95,5619.95,,301.95,149.65,135.85,1292.2,3862.95,1461.7,2085.85,3043.6,491.0,533.15,1601.3,153.05,7592.7,34.95,721.85,292.9,1224.9,667.6,13.0,255.7
2021-09-22,2365.55,1437.75,745.3,95.9,735.75,419.5,4904.9,232.55,97.1,128.3,3317.5,731.1,788.35,3757.15,17614.75,7793.65,2692.2,79.7,54.5,1798.85,205.95,812.0,740.85,713.36,57.05,367.55,15301.5,420.15,4058.5,434.85,561.15,156.85,139.2,911.55,85.95,571.05,963.5,162.1,1720.4,696.8,1022.2,648.4,,19.75,5139.9,369.05,4846.35,2842.85,73.9,118.0,1520.15,182.5,81.1,150.0,511.95,36.25,1054.45,1574.65,1420.45,1315.5,2734.7,1533.7,2847.2,,463.0,276.6,2784.5,317.8,220.9,703.35,687.85,38.45,10.4,48.5,537.65,2188.3,1141.4,,1716.9,116.45,243.5,365.95,678.55,4109.2,986.55,1178.95,1985.55,86.3,430.7,1710.9,940.0,752.5,180.85,171.35,565.2,6831.0,773.5,1618.9,1039.2,1094.3,4523.0,224.8,79993.8,1543.5,90.75,44.0,81.05,19925.2,,144.6,124.4,4672.9,217.0,133.65,33348.85,2638.1,233.15,135.0,2418.0,38.15,176.75,1568.35,977.9,435.45,179.1,152.6,20.75,2430.5,97.45,111.3,438.85,29792.5,2161.95,10730.7,1346.5,624.45,770.1,506.45,825.3,5580.15,,310.1,153.3,137.85,1305.8,3862.15,1513.6,2081.05,3085.5,492.95,540.1,1638.95,152.25,7625.6,35.05,724.9,294.9,1238.6,668.15,13.15,336.8
2021-09-23,2351.05,1474.35,754.5,97.05,736.3,419.55,5084.2,236.95,97.6,128.85,3320.65,733.45,812.15,3799.2,18503.85,7899.05,2648.55,79.65,54.6,1798.7,207.45,821.1,764.3,713.41,57.15,368.2,15369.3,419.95,4042.35,439.9,567.25,160.8,141.15,939.35,86.15,585.95,968.1,167.35,1701.55,711.95,1027.8,647.65,,20.6,5212.1,401.85,4797.3,2857.05,74.05,119.25,1508.4,181.75,81.85,152.9,512.0,36.0,1058.05,1606.85,1438.25,1328.3,2817.4,1570.0,2853.05,,483.25,280.0,2782.3,322.55,229.65,717.0,685.75,38.95,10.55,48.5,537.3,2216.5,1169.15,,1742.55,118.0,242.5,371.15,677.25,4181.15,989.15,1167.0,2024.0,87.8,440.85,1769.7,940.35,758.45,185.0,174.0,566.8,6846.7,829.15,1629.55,1041.2,1105.0,4553.8,227.55,80220.7,1519.95,91.05,47.0,82.85,19839.0,,142.9,126.2,4698.05,213.85,137.75,33123.75,2779.6,233.8,138.25,2435.0,38.5,178.25,1569.4,971.9,447.45,186.5,155.4,21.2,2489.9,102.3,110.45,449.8,29919.25,2162.7,10998.85,1383.1,614.95,769.85,528.6,847.15,5726.8,,321.5,164.75,143.65,1318.7,3869.25,1521.5,2105.05,3101.05,495.15,539.7,1654.35,152.65,7619.7,34.85,726.85,299.6,1248.6,674.3,13.0,318.2
2021-09-24,2298.75,1461.7,744.8,95.85,735.8,410.7,4731.8,228.8,95.9,127.4,3448.6,721.55,798.05,3809.8,18526.0,7793.4,2656.2,77.85,53.95,1768.25,205.5,840.1,749.8,725.77,56.25,360.15,15255.3,414.8,4042.9,444.8,564.05,157.7,139.1,954.75,84.1,576.1,967.65,166.1,1690.85,699.6,994.8,651.9,,22.0,5108.55,410.45,4790.35,2931.0,73.45,119.95,1465.45,179.2,80.85,152.6,508.1,36.3,1041.65,1629.75,1414.9,1358.2,2839.0,1601.55,2833.45,,478.75,274.8,2746.65,322.6,225.85,722.95,673.5,38.8,11.5,47.1,530.5,2138.7,1163.05,,1763.85,117.25,238.45,359.15,659.15,4116.95,989.45,1242.15,2028.1,85.45,429.25,1768.75,926.2,779.45,181.95,173.0,557.35,6952.25,827.7,1659.3,1045.25,1097.05,4601.0,224.7,79456.5,1505.05,88.5,46.35,81.5,19864.25,,140.0,124.25,4710.4,217.0,136.1,33631.2,2767.5,235.4,135.15,2451.95,37.9,176.15,1510.9,969.5,440.45,185.8,152.6,21.4,2482.7,105.35,108.15,440.75,29411.8,2120.25,11014.05,1355.7,597.5,770.45,510.95,884.95,5866.95,,317.95,161.3,139.1,1272.1,3871.3,1514.75,2092.9,3100.1,498.55,537.2,1605.85,151.35,7521.5,34.6,718.65,293.1,1228.75,676.5,12.85,318.9
2021-09-27,2331.85,1531.25,750.25,97.0,762.85,418.0,4565.55,231.85,95.3,130.4,3430.65,722.0,796.95,3913.4,18031.1,7795.45,2628.8,78.0,53.1,1793.4,204.0,830.7,780.65,722.55,56.95,358.15,15796.8,420.6,4009.6,431.0,557.5,159.9,137.15,946.15,82.45,572.15,962.7,167.05,1683.1,702.45,998.4,633.2,,21.75,4932.55,420.0,4791.65,2879.35,72.55,124.9,1459.15,181.8,81.6,154.5,503.6,36.5,1038.7,1648.8,1388.55,1295.2,2839.8,1625.1,2912.95,,481.4,277.75,2709.5,321.75,233.0,730.0,663.65,41.25,11.35,46.85,524.7,2082.1,1150.7,,1721.15,118.65,238.7,357.8,648.65,4076.25,986.3,1227.65,2033.35,87.05,434.95,1739.6,936.15,811.35,181.2,172.9,547.5,7403.45,821.65,1718.25,1030.05,1080.4,4347.25,233.5,81893.4,1493.3,90.05,47.5,81.0,19642.2,,139.85,126.85,4584.85,219.3,140.0,32980.75,2751.85,237.4,135.75,2405.55,38.35,176.0,1598.35,978.55,447.9,190.4,151.6,21.9,2524.45,110.6,109.25,446.6,29476.0,2096.6,11126.95,1324.15,591.8,763.05,504.3,914.75,5720.9,,331.65,172.25,138.75,1270.5,3836.95,1464.4,2090.25,3088.55,494.9,555.2,1555.55,153.2,7622.9,34.6,725.85,287.6,1218.2,653.9,12.9,322.25
2021-09-28,2300.25,1487.3,738.7,96.0,753.35,413.1,4411.05,226.4,95.25,129.65,3379.7,725.05,789.2,3908.7,17550.35,7543.3,2545.95,79.45,53.05,1767.85,210.35,819.3,755.9,696.15,60.35,361.95,15735.2,429.6,4003.65,417.85,544.35,163.7,139.1,924.65,82.3,554.75,971.0,174.55,1679.4,705.75,1001.5,626.35,,21.2,4784.05,410.05,4833.15,2883.05,73.85,123.4,1489.9,179.9,80.9,159.5,497.05,35.85,1053.35,1648.75,1369.85,1269.0,2804.95,1615.05,2920.55,,478.15,291.6,2723.85,321.7,226.4,717.15,664.0,44.7,10.95,46.25,516.6,2023.05,1134.75,,1687.1,122.95,237.75,361.4,660.85,4001.6,988.85,1194.65,2068.2,88.65,438.25,1737.15,948.9,806.05,179.75,169.45,550.95,7423.85,826.95,1679.1,1003.0,1079.6,4207.9,230.85,80488.6,1463.45,89.0,46.9,80.75,19544.75,,140.5,131.95,4578.25,233.25,142.2,32726.05,2683.5,239.4,143.1,2411.0,39.15,183.95,1599.4,983.9,457.45,187.4,159.3,21.15,2548.05,106.15,110.35,444.9,29242.95,2101.0,10921.95,1313.2,585.85,775.1,498.6,906.4,5665.65,,329.3,171.9,140.05,1280.95,3779.15,1414.05,2129.3,3107.85,503.25,555.6,1564.7,151.9,7588.3,35.0,716.8,290.65,1208.95,639.6,12.75,309.15
2021-09-29,2271.1,1485.65,742.0,98.3,756.55,406.45,4423.5,224.7,94.7,129.35,3323.05,727.95,782.15,3899.25,17433.75,7515.4,2504.95,81.7,55.1,1763.45,205.15,817.15,744.2,694.1,62.8,362.6,15638.2,436.9,3972.75,410.05,547.6,168.15,139.45,924.15,86.65,573.45,987.6,185.7,1678.45,703.7,996.95,623.15,,20.7,4806.45,410.85,4881.0,2843.25,75.3,122.9,1488.6,180.4,81.35,156.3,509.1,38.0,1022.35,1669.9,1367.85,1281.2,2746.45,1593.85,2886.15,,494.15,299.6,2685.3,321.85,228.55,709.5,673.0,44.95,11.25,48.3,518.65,2009.3,1123.2,,1692.25,127.45,238.1,382.5,679.8,4070.5,989.8,1187.8,2030.45,89.9,434.95,1721.0,947.55,812.1,183.5,173.25,553.45,7384.05,827.15,1665.75,1004.3,1075.1,4231.9,229.85,79056.7,1469.5,94.4,48.15,81.9,19506.75,,142.9,140.65,4533.65,254.45,144.75,32338.6,2642.15,239.5,144.25,2402.25,39.65,195.05,1612.5,992.45,452.55,188.15,162.35,22.2,2527.85,106.2,114.4,460.0,29382.4,2127.55,11195.45,1300.35,594.6,811.3,500.7,933.1,5597.75,,330.25,180.3,151.6,1295.55,3791.9,1395.35,2147.5,3134.85,516.4,550.75,1557.05,152.85,7464.55,36.4,717.15,292.15,1205.2,640.75,12.3,309.9
2021-09-30,2254.5,1468.1,737.9,97.1,749.8,400.2,4481.6,225.7,94.45,133.8,3244.65,724.8,766.55,3832.65,17786.75,7668.1,2533.65,81.75,55.5,1778.15,202.95,809.0,737.45,688.3,64.65,362.7,15474.5,432.2,3948.95,409.65,551.85,173.0,140.2,936.8,91.55,564.25,983.55,185.1,1669.5,704.3,991.95,617.05,,20.5,4798.7,417.2,4880.7,2790.2,78.75,121.0,1480.1,178.25,84.3,158.85,510.45,38.35,1029.9,1669.45,1373.1,1279.55,2754.3,1594.95,2832.5,,487.95,300.0,2701.8,311.6,231.65,700.85,671.85,46.3,11.9,47.65,533.1,2021.7,1111.9,,1675.2,125.3,236.15,389.25,668.3,4040.9,989.2,1197.0,2005.5,90.95,427.05,1702.95,951.6,803.05,185.2,169.15,547.5,7338.05,853.1,1658.65,1014.3,1082.65,4200.1,225.95,79375.55,1450.3,93.4,48.7,82.45,19445.55,,143.0,141.85,4555.95,260.2,144.5,31704.9,2595.8,238.55,142.1,2381.95,40.1,189.9,1599.35,984.65,459.0,190.9,157.85,21.65,2519.25,102.45,113.65,453.0,28901.55,2129.4,11279.1,1298.85,589.5,818.25,505.35,919.3,5594.05,,333.35,189.3,158.75,1288.9,3775.55,1380.6,2161.85,3085.5,505.05,549.45,1571.5,155.7,7396.1,36.25,707.7,287.65,1218.05,634.1,12.55,303.2
2021-10-01,2237.5,1458.7,734.95,96.95,766.8,402.25,4459.4,224.25,94.45,130.75,3177.85,717.3,768.15,3852.6,17177.8,7522.75,2541.4,82.45,56.6,1834.7,201.75,810.4,727.6,675.9,65.6,365.3,15447.55,433.05,3921.1,397.25,555.7,176.85,140.1,916.3,91.4,558.65,986.2,188.7,1687.8,703.5,918.1,617.95,,20.2,4832.3,417.2,4955.85,2772.45,78.2,120.2,1471.95,178.85,83.15,163.15,513.15,41.0,1020.35,1677.15,1359.1,1273.75,2711.65,1582.7,2847.95,,484.35,298.95,2704.05,306.15,234.45,692.35,667.8,49.95,11.4,47.35,530.3,1976.05,1104.05,,1665.15,127.4,235.35,401.7,674.25,4045.9,989.95,1199.35,1993.55,89.65,427.95,1696.9,966.4,827.85,186.3,179.55,549.55,7162.3,865.15,1671.85,1012.75,1099.7,4184.6,224.9,78994.4,1533.8,95.5,48.2,81.9,19549.95,,143.65,139.9,4512.25,250.05,146.25,32281.05,2655.4,235.6,139.9,2417.25,40.6,191.85,1599.55,990.75,452.5,193.5,156.1,20.95,2523.7,99.6,114.8,451.65,29099.55,2148.45,11089.7,1294.55,583.05,826.6,520.95,910.9,5782.8,,333.3,186.55,163.75,1297.85,3730.2,1371.25,2163.75,3080.55,501.4,563.95,1577.45,153.15,7483.55,36.45,712.65,285.85,1215.25,636.25,12.85,295.85
2021-10-04,2265.65,1526.65,744.2,101.75,766.05,406.5,4548.25,228.1,102.8,129.85,3201.6,732.15,779.0,3825.95,17806.2,7695.05,2520.8,84.35,57.8,1868.95,205.8,820.8,741.95,681.4,65.55,364.9,15479.1,435.85,3892.9,406.5,562.15,182.1,140.6,920.85,92.15,564.35,957.5,189.95,1682.65,707.1,893.3,624.2,,20.2,5220.7,424.4,5042.7,2745.9,78.85,123.05,1496.4,179.95,85.05,161.55,519.8,40.75,1029.65,1641.15,1389.8,1278.65,2725.2,1585.75,2855.55,,505.7,302.8,2686.2,309.75,239.3,700.2,676.5,48.1,11.4,47.65,527.75,1993.15,1119.8,,1678.75,126.25,236.6,418.4,681.15,4145.65,989.95,1196.9,1990.95,91.45,444.9,1715.25,961.35,841.15,188.65,182.65,554.05,7170.3,866.8,1688.35,1019.35,1090.8,4253.0,226.4,79787.0,1520.85,105.05,47.75,83.0,19492.95,,148.4,145.55,4622.25,241.6,147.6,33068.85,2786.25,235.9,141.85,2421.0,41.1,191.65,1646.55,1006.85,452.3,193.7,158.85,21.1,2556.15,100.2,120.3,463.15,29289.3,2226.65,11557.0,1350.75,589.45,832.0,530.3,935.75,5889.6,,342.0,188.85,168.6,1324.15,3773.3,1399.05,2155.3,3129.55,502.6,560.5,1602.2,154.4,7515.6,37.6,702.95,298.3,1227.25,641.05,13.1,301.25
2021-10-05,2263.7,1527.65,743.95,106.5,765.5,403.65,4482.4,225.25,108.7,132.25,3254.75,724.0,782.6,3864.0,17847.5,7724.2,2537.2,83.35,57.5,1856.55,205.85,825.45,722.9,699.25,66.25,362.0,15473.4,443.85,3882.2,410.95,563.95,179.75,141.2,932.35,93.0,558.75,934.55,197.95,1680.5,709.1,899.85,616.2,,19.75,5217.85,415.65,5034.6,2760.1,77.65,123.95,1488.8,181.0,85.75,164.7,519.8,40.55,1042.1,1627.0,1389.55,1305.15,2741.45,1595.45,2844.55,,495.3,314.45,2708.65,312.05,241.85,697.1,678.9,47.15,11.55,47.95,526.55,1971.05,1168.6,,1692.8,129.9,234.7,421.15,679.35,4068.6,982.35,1204.5,1982.35,91.1,447.75,1716.7,963.75,843.05,186.0,184.3,557.95,7258.25,882.35,1687.8,1015.2,1080.15,4285.1,226.55,79407.2,1521.0,102.4,47.9,82.15,19395.55,,146.65,145.4,4703.05,242.95,163.65,33871.4,2922.45,232.35,142.45,2436.35,41.05,189.95,1659.65,1012.0,460.55,193.25,161.65,20.95,2609.2,96.9,119.35,464.7,28766.45,2247.65,11488.15,1335.25,596.8,820.5,534.4,930.95,5840.15,,344.95,188.3,179.4,1316.85,3833.3,1413.05,2192.65,3129.3,515.15,562.0,1613.35,153.6,7464.0,37.1,714.65,303.0,1250.25,646.85,13.1,299.45
2021-10-06,2203.25,1479.55,724.0,101.55,749.7,394.9,4378.75,222.3,103.7,129.85,3212.25,715.35,778.95,3770.05,17616.6,7735.15,2508.25,82.3,56.1,1826.75,199.3,821.1,721.65,691.4,63.2,356.4,17277.35,447.2,3938.6,407.85,550.35,174.45,144.55,924.2,91.4,560.25,913.45,192.85,1680.15,696.35,882.6,614.95,,19.55,5136.55,408.1,4956.6,2728.95,76.2,122.75,1455.55,179.35,84.4,166.4,504.75,39.3,1017.95,1599.0,1369.4,1275.45,2750.95,1614.9,2798.15,,475.9,311.6,2686.05,314.65,241.4,689.5,678.65,44.4,11.45,47.0,516.7,1929.3,1131.85,,1673.55,130.1,231.25,409.65,659.25,3933.95,1011.55,1225.55,1955.75,89.0,436.3,1695.05,947.15,834.1,181.4,184.3,564.3,7199.25,873.65,1719.9,1020.85,1075.4,4172.5,223.75,78629.5,1501.1,96.65,46.9,83.3,19157.15,,143.35,143.3,4660.25,248.55,168.1,33889.5,2842.15,230.25,139.75,2415.65,39.9,187.6,1640.45,1000.25,463.45,184.7,157.3,20.7,2559.85,96.8,115.75,457.2,28109.75,2195.45,11399.3,1303.2,584.2,800.6,537.75,962.55,6163.95,,336.05,179.2,175.95,1279.9,3810.9,1385.65,2147.65,3064.95,505.7,544.0,1589.15,151.8,7363.0,36.45,727.3,290.95,1229.9,635.75,13.05,294.7
2021-10-07,2265.85,1520.75,736.15,101.95,758.7,402.9,4428.3,228.15,104.2,135.85,3290.85,719.6,777.1,3828.55,17470.25,7747.9,2551.65,84.0,56.4,1944.4,203.1,829.55,741.5,692.5,63.25,359.75,17513.4,449.2,3900.6,425.65,549.75,174.85,144.35,932.65,89.25,583.85,916.05,190.7,1688.35,694.95,896.9,615.15,,19.85,5097.85,422.6,4891.1,2820.95,77.65,122.1,1514.65,184.2,85.45,159.65,517.35,39.9,1029.0,1592.0,1394.2,1306.3,2727.0,1610.5,2841.65,,477.5,319.5,2669.4,313.45,243.3,702.2,681.65,44.95,11.35,47.8,519.2,1947.7,1166.7,,1691.0,132.25,232.95,407.6,666.55,3974.7,999.05,1250.95,1952.45,90.2,443.65,1712.45,956.05,878.25,182.5,194.05,561.25,7492.5,902.7,1819.9,1026.65,1076.65,4259.2,236.0,81272.55,1544.5,96.55,47.15,83.65,19045.65,,144.35,142.8,4742.7,242.45,160.4,37153.85,2888.2,230.4,141.05,2460.5,39.9,188.3,1679.2,1014.55,471.95,189.4,158.15,22.75,2572.4,101.6,115.5,457.9,28059.35,2236.95,11576.7,1343.2,586.15,823.25,543.05,959.05,6348.25,,376.5,193.15,177.75,1289.2,3892.9,1417.2,2375.35,3074.25,510.05,557.75,1643.7,152.3,7354.6,37.3,727.5,290.8,1283.0,642.95,13.15,292.7
2021-10-08,2240.9,1547.9,739.9,101.6,760.0,403.05,4379.25,234.5,102.65,134.9,3306.9,714.75,781.95,3815.55,17549.45,7732.2,2578.9,88.1,57.5,1963.85,200.15,830.35,758.6,695.5,65.45,358.75,17696.85,449.45,3883.3,435.4,549.8,177.25,142.7,936.65,88.7,569.1,917.1,188.45,1687.65,685.05,883.6,607.0,,19.65,5071.3,415.85,4849.2,2817.95,78.05,122.05,1500.5,184.8,85.6,158.15,527.1,39.4,1019.3,1598.8,1371.45,1322.15,2720.65,1602.65,2842.1,,473.65,318.05,2640.05,315.45,240.9,703.4,660.15,47.85,11.35,48.0,518.4,1962.5,1174.4,,1723.85,131.8,231.7,415.85,665.85,4006.8,1000.25,1242.7,1936.35,90.95,442.25,1726.9,947.3,877.8,184.55,193.1,563.8,7430.0,914.35,1922.55,998.9,1067.95,4454.6,237.15,85860.45,1519.65,96.2,46.95,83.25,18986.45,,145.6,141.1,4789.65,239.75,160.95,36715.8,2736.25,227.8,139.8,2441.6,40.3,187.7,1695.65,994.7,466.75,193.6,157.75,23.35,2671.25,104.8,116.9,458.0,27757.15,2223.45,11943.9,1330.95,586.75,821.4,538.8,965.65,6231.7,,382.95,191.25,176.85,1301.15,3935.65,1439.95,2358.2,3075.3,504.0,559.75,1650.05,153.1,7335.75,37.55,738.0,294.05,1281.4,661.15,13.2,294.65
2021-10-11,2249.85,1539.75,737.45,101.85,770.55,402.95,4377.15,240.55,107.8,136.75,3306.05,720.55,787.15,3852.1,17713.95,7817.1,2603.4,87.5,57.7,1969.2,208.6,824.0,794.0,690.85,66.75,360.1,17789.5,454.4,3840.6,427.1,548.45,176.65,142.25,943.9,90.05,570.35,913.75,196.85,1697.1,687.6,909.4,608.65,,19.55,5143.05,424.85,4894.35,2851.75,78.75,133.0,1491.75,187.05,86.25,158.75,534.0,43.05,1024.65,1651.75,1382.15,1302.9,2749.25,1633.8,2857.8,,487.5,319.05,2645.1,315.5,241.8,713.3,661.5,48.45,10.85,47.8,514.45,2048.2,1173.25,,1690.95,131.55,238.05,412.9,672.4,4064.15,981.55,1286.2,1975.4,90.85,443.65,1716.9,958.5,895.6,185.0,193.45,570.35,7700.8,895.8,2032.7,994.95,1070.3,4275.6,240.6,84932.9,1533.75,96.35,48.6,83.55,19084.65,,153.05,144.8,4745.05,239.4,165.0,37266.8,2754.35,230.35,142.05,2462.75,40.45,193.45,1696.45,998.85,465.45,193.05,159.2,24.7,2652.65,102.7,116.6,469.25,28022.45,2236.75,12044.0,1334.9,592.25,832.55,535.5,968.3,6232.8,,415.75,200.15,191.5,1313.2,3685.6,1400.2,2362.4,3167.2,539.3,559.05,1700.3,155.25,7330.25,38.15,742.45,297.75,1303.65,652.8,13.05,306.25
